Tm,W,L,W-L%,PF,PA,PD,MoV,SoS,SRS,OSRS,DSRS,Season,Conference,T
New England Patriots*,13,3,.813,513,342,171,10.7,-1.4,9.3,9.4,-0.1,2011,AFC,
New York Jets,8,8,.500,377,363,14,0.9,0.0,0.9,1.2,-0.3,2011,AFC,
Miami Dolphins,6,10,.375,329,313,16,1.0,-0.1,0.9,-2.2,3.2,2011,AFC,
Buffalo Bills,6,10,.375,372,434,-62,-3.9,0.5,-3.4,1.2,-4.5,2011,AFC,
Baltimore Ravens*,12,4,.750,378,266,112,7.0,-0.9,6.1,2.6,3.5,2011,AFC,
Pittsburgh Steelers+,12,4,.750,325,227,98,6.1,-0.8,5.3,-0.8,6.0,2011,AFC,
Cincinnati Bengals+,9,7,.563,344,323,21,1.3,-0.9,0.5,0.7,-0.2,2011,AFC,
Cleveland Browns,4,12,.250,218,307,-89,-5.6,0.2,-5.4,-7.2,1.8,2011,AFC,
Houston Texans*,10,6,.625,381,278,103,6.4,-1.9,4.5,1.4,3.2,2011,AFC,
Tennessee Titans,9,7,.563,325,317,8,0.5,-1.5,-1.0,-2.2,1.2,2011,AFC,
Jacksonville Jaguars,5,11,.313,243,329,-86,-5.4,-0.3,-5.6,-7.1,1.4,2011,AFC,
Indianapolis Colts,2,14,.125,243,430,-187,-11.7,0.4,-11.3,-6.0,-5.3,2011,AFC,
Denver Broncos*,8,8,.500,309,390,-81,-5.1,-0.2,-5.3,-3.6,-1.7,2011,AFC,
San Diego Chargers,8,8,.500,406,377,29,1.8,-0.9,0.9,2.7,-1.8,2011,AFC,
Oakland Raiders,8,8,.500,359,433,-74,-4.6,-0.3,-4.9,0.2,-5.1,2011,AFC,
Kansas City Chiefs,7,9,.438,212,338,-126,-7.9,-0.2,-8.1,-10.2,2.1,2011,AFC,
New York Giants*,9,7,.563,394,400,-6,-0.4,2.0,1.6,3.1,-1.5,2011,NFC,
Philadelphia Eagles,8,8,.500,396,328,68,4.3,0.5,4.7,3.1,1.7,2011,NFC,
Dallas Cowboys,8,8,.500,369,347,22,1.4,0.3,1.6,0.7,0.9,2011,NFC,
Washington Redskins,5,11,.313,288,367,-79,-4.9,0.8,-4.1,-4.3,0.2,2011,NFC,
Green Bay Packers*,15,1,.938,560,359,201,12.6,-1.2,11.4,11.5,-0.1,2011,NFC,
Detroit Lions+,10,6,.625,474,387,87,5.4,0.6,6.1,6.9,-0.8,2011,NFC,
Chicago Bears,8,8,.500,353,341,12,0.8,0.9,1.7,-1.5,3.1,2011,NFC,
Minnesota Vikings,3,13,.188,340,449,-109,-6.8,1.1,-5.7,-1.6,-4.1,2011,NFC,
New Orleans Saints*,13,3,.813,547,339,208,13.0,-1.6,11.4,10.6,0.8,2011,NFC,
Atlanta Falcons+,10,6,.625,402,350,52,3.3,0.3,3.5,1.8,1.7,2011,NFC,
Carolina Panthers,6,10,.375,406,429,-23,-1.4,0.1,-1.3,2.6,-3.9,2011,NFC,
Tampa Bay Buccaneers,4,12,.250,287,494,-207,-12.9,2.3,-10.6,-4.0,-6.6,2011,NFC,
San Francisco 49ers*,13,3,.813,380,229,151,9.4,-1.1,8.3,1.7,6.6,2011,NFC,
Arizona Cardinals,8,8,.500,312,348,-36,-2.3,0.0,-2.2,-1.7,-0.5,2011,NFC,
Seattle Seahawks,7,9,.438,321,315,6,0.4,0.4,0.8,-0.5,1.3,2011,NFC,
St. Louis Rams,2,14,.125,193,407,-214,-13.4,2.9,-10.4,-8.4,-2.1,2011,NFC,
New England Patriots*,12,4,.750,557,331,226,14.1,-1.4,12.8,12.2,0.5,2012,AFC,0
Miami Dolphins,7,9,.438,288,317,-29,-1.8,-0.8,-2.6,-5.5,2.9,2012,AFC,0
New York Jets,6,10,.375,281,375,-94,-5.9,0.0,-5.9,-5.1,-0.9,2012,AFC,0
Buffalo Bills,6,10,.375,344,435,-91,-5.7,-1.0,-6.7,-0.9,-5.8,2012,AFC,0
Baltimore Ravens*,10,6,.625,398,344,54,3.4,-0.5,2.9,1.9,1.0,2012,AFC,0
Cincinnati Bengals+,10,6,.625,391,320,71,4.4,-2.4,2.1,1.2,0.9,2012,AFC,0
Pittsburgh Steelers,8,8,.500,336,314,22,1.4,-2.0,-0.7,-2.8,2.1,2012,AFC,0
Cleveland Browns,5,11,.313,302,368,-66,-4.1,-1.2,-5.3,-4.6,-0.7,2012,AFC,0
Houston Texans*,12,4,.750,416,331,85,5.3,-1.8,3.5,1.8,1.7,2012,AFC,0
Indianapolis Colts+,11,5,.688,357,387,-30,-1.9,-2.8,-4.7,-1.9,-2.8,2012,AFC,0
Tennessee Titans,6,10,.375,330,471,-141,-8.8,-1.2,-10.0,-2.6,-7.4,2012,AFC,0
Jacksonville Jaguars,2,14,.125,255,444,-189,-11.8,-1.1,-13.0,-8.1,-4.9,2012,AFC,0
Denver Broncos*,13,3,.813,481,289,192,12.0,-1.9,10.1,6.3,3.8,2012,AFC,0
San Diego Chargers,7,9,.438,350,350,0,0.0,-2.3,-2.3,-2.0,-0.4,2012,AFC,0
Oakland Raiders,4,12,.250,290,443,-153,-9.6,-1.3,-10.8,-4.6,-6.2,2012,AFC,0
Kansas City Chiefs,2,14,.125,211,425,-214,-13.4,-0.6,-14.0,-10.3,-3.7,2012,AFC,0
Washington Redskins*,10,6,.625,436,388,48,3.0,0.4,3.4,4.6,-1.2,2012,NFC,0
New York Giants,9,7,.563,429,344,85,5.3,0.9,6.2,4.0,2.2,2012,NFC,0
Dallas Cowboys,8,8,.500,376,400,-24,-1.5,1.8,0.3,1.4,-1.2,2012,NFC,0
Philadelphia Eagles,4,12,.250,280,444,-164,-10.3,1.4,-8.9,-5.3,-3.6,2012,NFC,0
Green Bay Packers*,11,5,.688,433,336,97,6.1,1.2,7.3,4.9,2.4,2012,NFC,0
Minnesota Vikings+,10,6,.625,379,348,31,1.9,1.4,3.4,1.6,1.8,2012,NFC,0
Chicago Bears,10,6,.625,375,277,98,6.1,0.8,6.9,1.0,6.0,2012,NFC,0
Detroit Lions,4,12,.250,372,437,-65,-4.1,1.8,-2.3,2.1,-4.4,2012,NFC,0
Atlanta Falcons*,13,3,.813,419,299,120,7.5,-1.1,6.4,2.0,4.5,2012,NFC,0
Carolina Panthers,7,9,.438,357,363,-6,-0.4,1.2,0.8,-0.5,1.3,2012,NFC,0
New Orleans Saints,7,9,.438,461,454,7,0.4,1.0,1.4,6.5,-5.1,2012,NFC,0
Tampa Bay Buccaneers,7,9,.438,389,394,-5,-0.3,0.3,0.0,1.3,-1.3,2012,NFC,0
San Francisco 49ers*,11,4,.719,397,273,124,7.8,2.5,10.2,3.5,6.7,2012,NFC,1
Seattle Seahawks+,11,5,.688,412,245,167,10.4,1.8,12.2,4.5,7.7,2012,NFC,0
St. Louis Rams,7,8,.469,299,348,-49,-3.1,3.4,0.4,-2.1,2.4,2012,NFC,1
Arizona Cardinals,5,11,.313,250,357,-107,-6.7,3.5,-3.2,-4.8,1.6,2012,NFC,0
New England Patriots*,12,4,.750,444,338,106,6.6,-0.7,5.9,4.5,1.4,2013,AFC,0
New York Jets,8,8,.500,290,387,-97,-6.1,0.0,-6.1,-4.7,-1.4,2013,AFC,0
Miami Dolphins,8,8,.500,317,335,-18,-1.1,0.3,-0.8,-2.9,2.1,2013,AFC,0
Buffalo Bills,6,10,.375,339,388,-49,-3.1,-0.1,-3.2,-1.3,-1.9,2013,AFC,0
Cincinnati Bengals*,11,5,.688,430,305,125,7.8,-2.5,5.4,2.3,3.0,2013,AFC,0
Pittsburgh Steelers,8,8,.500,379,370,9,0.6,-2.5,-2.0,-0.9,-1.0,2013,AFC,0
Baltimore Ravens,8,8,.500,320,352,-32,-2.0,-1.5,-3.5,-5.0,1.4,2013,AFC,0
Cleveland Browns,4,12,.250,308,406,-98,-6.1,-1.6,-7.7,-4.8,-2.9,2013,AFC,0
Indianapolis Colts*,11,5,.688,391,336,55,3.4,0.6,4.0,1.7,2.3,2013,AFC,0
Tennessee Titans,7,9,.438,362,381,-19,-1.2,0.4,-0.8,-0.2,-0.6,2013,AFC,0
Jacksonville Jaguars,4,12,.250,247,449,-202,-12.6,1.5,-11.1,-7.1,-4.0,2013,AFC,0
Houston Texans,2,14,.125,276,428,-152,-9.5,1.9,-7.6,-5.0,-2.6,2013,AFC,0
Denver Broncos*,13,3,.813,606,399,207,12.9,-1.6,11.4,14.1,-2.7,2013,AFC,0
Kansas City Chiefs+,11,5,.688,430,305,125,7.8,-1.7,6.1,1.7,4.3,2013,AFC,0
San Diego Chargers+,9,7,.563,396,348,48,3.0,-0.3,2.7,0.5,2.1,2013,AFC,0
Oakland Raiders,4,12,.250,322,453,-131,-8.2,0.2,-8.0,-3.8,-4.2,2013,AFC,0
Philadelphia Eagles*,10,6,.625,442,382,60,3.8,-1.9,1.9,2.3,-0.5,2013,NFC,0
Dallas Cowboys,8,8,.500,439,432,7,0.4,-1.1,-0.7,2.7,-3.4,2013,NFC,0
New York Giants,7,9,.438,294,383,-89,-5.6,0.2,-5.4,-6.2,0.8,2013,NFC,0
Washington Redskins,3,13,.188,334,478,-144,-9.0,-0.3,-9.3,-3.9,-5.4,2013,NFC,0
Green Bay Packers*,8,7,.531,417,428,-11,-0.7,-2.4,-3.1,0.5,-3.6,2013,NFC,1
Chicago Bears,8,8,.500,445,478,-33,-2.1,-2.1,-4.1,3.0,-7.1,2013,NFC,0
Detroit Lions,7,9,.438,395,376,19,1.2,-2.8,-1.6,-1.2,-0.5,2013,NFC,0
Minnesota Vikings,5,10,.344,391,480,-89,-5.6,-1.1,-6.6,0.2,-6.9,2013,NFC,1
Carolina Panthers*,12,4,.750,366,241,125,7.8,1.4,9.2,0.6,8.6,2013,NFC,0
New Orleans Saints+,11,5,.688,414,304,110,6.9,1.9,8.8,3.8,5.0,2013,NFC,0
Atlanta Falcons,4,12,.250,353,443,-90,-5.6,2.9,-2.8,1.2,-3.9,2013,NFC,0
Tampa Bay Buccaneers,4,12,.250,288,389,-101,-6.3,3.6,-2.7,-2.9,0.3,2013,NFC,0
Seattle Seahawks*,13,3,.813,417,231,186,11.6,1.4,13.0,4.1,8.9,2013,NFC,0
San Francisco 49ers+,12,4,.750,406,272,134,8.4,1.8,10.1,3.5,6.6,2013,NFC,0
Arizona Cardinals,10,6,.625,379,324,55,3.4,3.0,6.4,2.7,3.7,2013,NFC,0
St. Louis Rams,7,9,.438,348,364,-16,-1.0,3.2,2.2,0.4,1.8,2013,NFC,0
New England Patriots*,12,4,.750,468,313,155,9.7,1.3,10.9,7.5,3.5,2014,AFC,0
Buffalo Bills,9,7,.563,343,289,54,3.4,1.6,4.9,-0.4,5.3,2014,AFC,0
Miami Dolphins,8,8,.500,388,373,15,0.9,1.6,2.6,2.9,-0.4,2014,AFC,0
New York Jets,4,12,.250,283,401,-118,-7.4,2.3,-5.0,-4.0,-1.0,2014,AFC,0
Pittsburgh Steelers*,11,5,.688,436,368,68,4.3,-2.0,2.2,4.4,-2.1,2014,AFC,0
Cincinnati Bengals+,10,5,.656,365,344,21,1.3,-0.6,0.7,-0.5,1.3,2014,AFC,1
Baltimore Ravens+,10,6,.625,409,302,107,6.7,-2.1,4.6,1.8,2.8,2014,AFC,0
Cleveland Browns,7,9,.438,299,337,-38,-2.4,-1.5,-3.9,-4.8,0.9,2014,AFC,0
Indianapolis Colts*,11,5,.688,458,369,89,5.6,-1.1,4.4,5.2,-0.8,2014,AFC,0
Houston Texans,9,7,.563,372,307,65,4.1,-2.3,1.7,-0.8,2.5,2014,AFC,0
Jacksonville Jaguars,3,13,.188,249,412,-163,-10.2,-0.3,-10.5,-7.8,-2.7,2014,AFC,0
Tennessee Titans,2,14,.125,254,438,-184,-11.5,-0.3,-11.8,-7.0,-4.9,2014,AFC,0
Denver Broncos*,12,4,.750,482,354,128,8.0,1.6,9.6,9.2,0.4,2014,AFC,0
Kansas City Chiefs,9,7,.563,353,281,72,4.5,1.2,5.7,0.0,5.7,2014,AFC,0
San Diego Chargers,9,7,.563,348,348,0,0.0,1.9,1.9,0.7,1.2,2014,AFC,0
Oakland Raiders,3,13,.188,253,452,-199,-12.4,3.4,-9.0,-4.3,-4.7,2014,AFC,0
Dallas Cowboys*,12,4,.750,467,352,115,7.2,-1.8,5.4,5.3,0.1,2014,NFC,0
Philadelphia Eagles,10,6,.625,474,400,74,4.6,-0.7,3.9,6.6,-2.7,2014,NFC,0
New York Giants,6,10,.375,380,400,-20,-1.3,-0.4,-1.7,0.8,-2.5,2014,NFC,0
Washington Redskins,4,12,.250,301,438,-137,-8.6,-0.2,-8.7,-4.0,-4.7,2014,NFC,0
Green Bay Packers*,12,4,.750,486,348,138,8.6,-0.3,8.3,7.9,0.4,2014,NFC,0
Detroit Lions+,11,5,.688,321,282,39,2.4,-0.4,2.1,-3.2,5.2,2014,NFC,0
Minnesota Vikings,7,9,.438,325,343,-18,-1.1,-0.5,-1.7,-2.8,1.1,2014,NFC,0
Chicago Bears,5,11,.313,319,442,-123,-7.7,1.0,-6.7,-2.0,-4.7,2014,NFC,0
Carolina Panthers*,7,8,.469,339,374,-35,-2.2,-0.9,-3.1,-2.4,-0.7,2014,NFC,1
New Orleans Saints,7,9,.438,401,424,-23,-1.4,-1.5,-2.9,1.9,-4.8,2014,NFC,0
Atlanta Falcons,6,10,.375,381,417,-36,-2.3,-1.6,-3.8,0.6,-4.4,2014,NFC,0
Tampa Bay Buccaneers,2,14,.125,277,410,-133,-8.3,-1.5,-9.8,-6.5,-3.3,2014,NFC,0
Seattle Seahawks*,12,4,.750,394,254,140,8.8,0.8,9.5,2.4,7.1,2014,NFC,0
Arizona Cardinals+,11,5,.688,310,299,11,0.7,1.3,2.0,-2.4,4.4,2014,NFC,0
San Francisco 49ers,8,8,.500,306,340,-34,-2.1,1.2,-1.0,-3.0,2.1,2014,NFC,0
St. Louis Rams,6,10,.375,324,354,-30,-1.9,1.0,-0.8,-1.2,0.4,2014,NFC,0
New England Patriots*,12,4,.750,465,315,150,9.4,-2.4,7.0,5.3,1.7,2015,AFC,
New York Jets,10,6,.625,387,314,73,4.6,-3.0,1.5,-0.5,2.0,2015,AFC,
Buffalo Bills,8,8,.500,379,359,20,1.3,-1.2,0.0,0.3,-0.2,2015,AFC,
Miami Dolphins,6,10,.375,310,389,-79,-4.9,-1.9,-6.8,-4.7,-2.2,2015,AFC,
Cincinnati Bengals*,12,4,.750,419,279,140,8.8,1.9,10.6,4.8,5.8,2015,AFC,
Pittsburgh Steelers+,10,6,.625,423,319,104,6.5,2.2,8.7,5.1,3.6,2015,AFC,
Baltimore Ravens,5,11,.313,328,401,-73,-4.6,2.6,-1.9,-0.7,-1.2,2015,AFC,
Cleveland Browns,3,13,.188,278,432,-154,-9.6,3.5,-6.1,-3.2,-2.9,2015,AFC,
Houston Texans*,9,7,.563,339,313,26,1.6,-2.4,-0.8,-3.3,2.6,2015,AFC,
Indianapolis Colts,8,8,.500,333,408,-75,-4.7,-2.0,-6.7,-3.1,-3.6,2015,AFC,
Jacksonville Jaguars,5,11,.313,376,448,-72,-4.5,-3.0,-7.5,-0.7,-6.9,2015,AFC,
Tennessee Titans,3,13,.188,299,423,-124,-7.8,-2.8,-10.5,-5.9,-4.6,2015,AFC,
Denver Broncos*,12,4,.750,355,296,59,3.7,2.1,5.8,0.3,5.5,2015,AFC,
Kansas City Chiefs+,11,5,.688,405,287,118,7.4,1.6,9.0,3.7,5.3,2015,AFC,
Oakland Raiders,7,9,.438,359,399,-40,-2.5,2.3,-0.2,1.4,-1.6,2015,AFC,
San Diego Chargers,4,12,.250,320,398,-78,-4.9,2.2,-2.6,-1.5,-1.1,2015,AFC,
Washington Redskins*,9,7,.563,388,379,9,0.6,-2.5,-1.9,-0.2,-1.8,2015,NFC,
Philadelphia Eagles,7,9,.438,377,430,-53,-3.3,-1.3,-4.6,-0.6,-4.0,2015,NFC,
New York Giants,6,10,.375,420,442,-22,-1.4,-2.2,-3.6,2.5,-6.1,2015,NFC,
Dallas Cowboys,4,12,.250,275,374,-99,-6.2,-0.7,-6.9,-7.0,0.1,2015,NFC,
Minnesota Vikings*,11,5,.688,365,302,63,3.9,1.9,5.8,1.1,4.7,2015,NFC,
Green Bay Packers+,10,6,.625,368,323,45,2.8,2.5,5.3,2.0,3.3,2015,NFC,
Detroit Lions,7,9,.438,358,400,-42,-2.6,2.4,-0.2,1.0,-1.3,2015,NFC,
Chicago Bears,6,10,.375,335,397,-62,-3.9,2.6,-1.3,-0.1,-1.2,2015,NFC,
Carolina Panthers*,15,1,.938,500,308,192,12.0,-3.9,8.1,6.0,2.1,2015,NFC,
Atlanta Falcons,8,8,.500,339,345,-6,-0.4,-3.4,-3.8,-4.0,0.3,2015,NFC,
New Orleans Saints,7,9,.438,408,476,-68,-4.3,-2.3,-6.6,1.1,-7.6,2015,NFC,
Tampa Bay Buccaneers,6,10,.375,342,417,-75,-4.7,-3.0,-7.7,-3.5,-4.2,2015,NFC,
Arizona Cardinals*,13,3,.813,489,313,176,11.0,1.3,12.3,9.0,3.4,2015,NFC,
Seattle Seahawks+,10,6,.625,423,277,146,9.1,2.2,11.3,5.4,6.0,2015,NFC,
St. Louis Rams,7,9,.438,280,330,-50,-3.1,3.0,-0.2,-3.8,3.6,2015,NFC,
San Francisco 49ers,5,11,.313,238,387,-149,-9.3,3.8,-5.5,-6.0,0.5,2015,NFC,
New England Patriots*,14,2,.875,441,250,191,11.9,-2.7,9.3,4.3,5.0,2016,AFC,0
Miami Dolphins+,10,6,.625,363,380,-17,-1.1,-1.3,-2.4,-0.6,-1.8,2016,AFC,0
Buffalo Bills,7,9,.438,399,378,21,1.3,-1.6,-0.3,1.8,-2.2,2016,AFC,0
New York Jets,5,11,.313,275,409,-134,-8.4,-0.1,-8.5,-5.5,-3.0,2016,AFC,0
Pittsburgh Steelers*,11,5,.688,399,327,72,4.5,0.2,4.7,2.8,2.0,2016,AFC,0
Baltimore Ravens,8,8,.500,343,321,22,1.4,0.2,1.5,-1.1,2.6,2016,AFC,0
Cincinnati Bengals,6,9,.406,325,315,10,0.6,0.4,1.0,-1.5,2.5,2016,AFC,1
Cleveland Browns,1,15,.063,264,452,-188,-11.8,1.7,-10.1,-5.2,-4.9,2016,AFC,0
Houston Texans*,9,7,.563,279,328,-49,-3.1,0.4,-2.6,-5.3,2.7,2016,AFC,0
Tennessee Titans,9,7,.563,381,378,3,0.2,-1.2,-1.0,0.7,-1.7,2016,AFC,0
Indianapolis Colts,8,8,.500,411,392,19,1.2,-0.8,0.4,3.1,-2.7,2016,AFC,0
Jacksonville Jaguars,3,13,.188,318,400,-82,-5.1,0.2,-5.0,-2.7,-2.3,2016,AFC,0
Kansas City Chiefs*,12,4,.750,389,311,78,4.9,0.7,5.6,1.2,4.4,2016,AFC,0
Oakland Raiders+,12,4,.750,416,385,31,1.9,1.3,3.3,3.5,-0.3,2016,AFC,0
Denver Broncos,9,7,.563,333,297,36,2.3,1.8,4.0,-2.0,6.1,2016,AFC,0
San Diego Chargers,5,11,.313,410,423,-13,-0.8,0.9,0.1,3.0,-3.0,2016,AFC,0
Dallas Cowboys*,13,3,.813,421,306,115,7.2,-0.2,7.0,4.1,2.9,2016,NFC,0
New York Giants+,11,5,.688,310,284,26,1.6,0.5,2.1,-3.2,5.4,2016,NFC,0
Washington Redskins,8,7,.531,396,383,13,0.8,1.2,2.0,3.3,-1.3,2016,NFC,1
Philadelphia Eagles,7,9,.438,367,331,36,2.3,1.6,3.8,1.3,2.5,2016,NFC,0
Green Bay Packers*,10,6,.625,432,388,44,2.8,0.1,2.8,4.9,-2.0,2016,NFC,0
Detroit Lions+,9,7,.563,346,358,-12,-0.8,-0.6,-1.4,-1.3,-0.1,2016,NFC,0
Minnesota Vikings,8,8,.500,327,307,20,1.3,-0.3,0.9,-2.6,3.6,2016,NFC,0
Chicago Bears,3,13,.188,279,399,-120,-7.5,0.0,-7.5,-5.2,-2.3,2016,NFC,0
Atlanta Falcons*,11,5,.688,540,406,134,8.4,0.1,8.5,10.5,-2.0,2016,NFC,0
Tampa Bay Buccaneers,9,7,.563,354,369,-15,-0.9,0.7,-0.2,-1.5,1.3,2016,NFC,0
New Orleans Saints,7,9,.438,469,454,15,0.9,0.6,1.5,6.8,-5.3,2016,NFC,0
Carolina Panthers,6,10,.375,369,402,-33,-2.1,1.1,-1.0,-0.2,-0.8,2016,NFC,0
Seattle Seahawks*,10,5,.656,354,292,62,3.9,-1.7,2.1,-2.4,4.5,2016,NFC,1
Arizona Cardinals,7,8,.469,418,362,56,3.5,-1.9,1.6,2.4,-0.8,2016,NFC,1
Los Angeles Rams,4,12,.250,224,394,-170,-10.6,-0.5,-11.1,-9.5,-1.6,2016,NFC,0
San Francisco 49ers,2,14,.125,309,480,-171,-10.7,-0.5,-11.2,-3.7,-7.5,2016,NFC,0
New England Patriots*,13,3,.813,458,296,162,10.1,-1.2,8.9,6.3,2.6,2017,AFC,
Buffalo Bills+,9,7,.563,302,359,-57,-3.6,-0.5,-4.0,-3.0,-1.0,2017,AFC,
Miami Dolphins,6,10,.375,281,393,-112,-7.0,0.7,-6.3,-3.9,-2.4,2017,AFC,
New York Jets,5,11,.313,298,382,-84,-5.3,0.3,-4.9,-2.9,-2.1,2017,AFC,
Pittsburgh Steelers*,13,3,.813,406,308,98,6.1,-1.1,5.0,3.2,1.8,2017,AFC,
Baltimore Ravens,9,7,.563,395,303,92,5.8,-2.4,3.4,2.2,1.2,2017,AFC,
Cincinnati Bengals,7,9,.438,290,349,-59,-3.7,-1.3,-5.0,-4.1,-0.9,2017,AFC,
Cleveland Browns,0,16,.000,234,410,-176,-11.0,0.0,-11.0,-6.8,-4.1,2017,AFC,
Jacksonville Jaguars*,10,6,.625,417,268,149,9.3,-2.8,6.5,3.0,3.6,2017,AFC,
Tennessee Titans+,9,7,.563,334,356,-22,-1.4,-2.1,-3.5,-2.0,-1.5,2017,AFC,
Indianapolis Colts,4,12,.250,263,404,-141,-8.8,-1.3,-10.1,-6.1,-4.0,2017,AFC,
Houston Texans,4,12,.250,338,436,-98,-6.1,-0.3,-6.4,-0.8,-5.6,2017,AFC,
Kansas City Chiefs*,10,6,.625,415,339,76,4.8,-1.3,3.4,3.8,-0.3,2017,AFC,
Los Angeles Chargers,9,7,.563,355,272,83,5.2,-1.5,3.6,-0.3,4.0,2017,AFC,
Oakland Raiders,6,10,.375,301,373,-72,-4.5,-0.2,-4.7,-3.0,-1.8,2017,AFC,
Denver Broncos,5,11,.313,289,382,-93,-5.8,-0.9,-6.7,-3.9,-2.9,2017,AFC,
Philadelphia Eagles*,13,3,.813,457,295,162,10.1,-0.7,9.4,7.0,2.5,2017,NFC,
Dallas Cowboys,9,7,.563,354,332,22,1.4,0.2,1.6,0.4,1.2,2017,NFC,
Washington Redskins,7,9,.438,342,388,-46,-2.9,1.6,-1.3,0.5,-1.8,2017,NFC,
New York Giants,3,13,.188,246,388,-142,-8.9,1.3,-7.6,-6.4,-1.2,2017,NFC,
Minnesota Vikings*,13,3,.813,382,252,130,8.1,1.0,9.1,2.3,6.8,2017,NFC,
Detroit Lions,9,7,.563,410,376,34,2.1,0.6,2.7,5.2,-2.5,2017,NFC,
Green Bay Packers,7,9,.438,320,384,-64,-4.0,2.1,-1.9,-0.3,-1.6,2017,NFC,
Chicago Bears,5,11,.313,264,320,-56,-3.5,2.2,-1.3,-4.6,3.3,2017,NFC,
New Orleans Saints*,11,5,.688,448,326,122,7.6,1.5,9.2,7.0,2.2,2017,NFC,
Carolina Panthers+,11,5,.688,363,327,36,2.3,2.1,4.3,1.7,2.7,2017,NFC,
Atlanta Falcons+,10,6,.625,353,315,38,2.4,1.9,4.3,1.1,3.2,2017,NFC,
Tampa Bay Buccaneers,5,11,.313,335,382,-47,-2.9,1.7,-1.3,0.4,-1.7,2017,NFC,
Los Angeles Rams*,11,5,.688,478,329,149,9.3,-0.2,9.2,8.2,1.0,2017,NFC,
Seattle Seahawks,9,7,.563,366,332,34,2.1,-0.2,1.9,0.7,1.2,2017,NFC,
Arizona Cardinals,8,8,.500,295,361,-66,-4.1,0.4,-3.7,-4.0,0.2,2017,NFC,
San Francisco 49ers,6,10,.375,331,383,-52,-3.3,0.4,-2.9,-0.8,-2.1,2017,NFC,
New England Patriots*,11,5,.688,436,325,111,6.9,-1.8,5.2,3.1,2.1,2018,AFC,0
Miami Dolphins,7,9,.438,319,433,-114,-7.1,-1.7,-8.8,-3.6,-5.2,2018,AFC,0
Buffalo Bills,6,10,.375,269,374,-105,-6.6,-0.3,-6.9,-6.3,-0.6,2018,AFC,0
New York Jets,4,12,.250,333,441,-108,-6.8,-1.1,-7.8,-2.0,-5.9,2018,AFC,0
Baltimore Ravens*,10,6,.625,389,287,102,6.4,0.6,7.0,0.6,6.4,2018,AFC,0
Pittsburgh Steelers,9,6,.594,428,360,68,4.3,1.3,5.6,3.9,1.7,2018,AFC,1
Cleveland Browns,7,8,.469,359,392,-33,-2.1,1.7,-0.3,-1.0,0.6,2018,AFC,1
Cincinnati Bengals,6,10,.375,368,455,-87,-5.4,2.0,-3.4,0.0,-3.4,2018,AFC,0
Houston Texans*,11,5,.688,402,316,86,5.4,-1.5,3.8,2.4,1.4,2018,AFC,0
Indianapolis Colts+,10,6,.625,433,344,89,5.6,-2.2,3.4,3.9,-0.6,2018,AFC,0
Tennessee Titans,9,7,.563,310,303,7,0.4,-0.2,0.2,-3.2,3.5,2018,AFC,0
Jacksonville Jaguars,5,11,.313,245,316,-71,-4.4,0.4,-4.0,-8.1,4.0,2018,AFC,0
Kansas City Chiefs*,12,4,.750,565,421,144,9.0,-0.1,8.9,12.6,-3.8,2018,AFC,0
Los Angeles Chargers+,12,4,.750,428,329,99,6.2,-0.2,6.0,3.0,2.9,2018,AFC,0
Denver Broncos,6,10,.375,329,349,-20,-1.3,0.7,-0.5,-3.6,3.1,2018,AFC,0
Oakland Raiders,4,12,.250,290,467,-177,-11.1,1.8,-9.3,-5.2,-4.1,2018,AFC,0
Dallas Cowboys*,10,6,.625,339,324,15,0.9,0.2,1.1,-1.9,2.9,2018,NFC,0
Philadelphia Eagles+,9,7,.563,367,348,19,1.2,0.5,1.7,0.0,1.8,2018,NFC,0
Washington Redskins,7,9,.438,281,359,-78,-4.9,-0.1,-4.9,-5.6,0.6,2018,NFC,0
New York Giants,5,11,.313,369,412,-43,-2.7,0.5,-2.2,0.8,-2.9,2018,NFC,0
Chicago Bears*,12,4,.750,421,283,138,8.6,-2.3,6.3,1.5,4.8,2018,NFC,0
Minnesota Vikings,8,7,.531,360,341,19,1.2,-0.6,0.6,-1.2,1.8,2018,NFC,1
Green Bay Packers,6,9,.406,376,400,-24,-1.5,-1.2,-2.7,0.0,-2.7,2018,NFC,1
Detroit Lions,6,10,.375,324,360,-36,-2.3,-0.8,-3.0,-3.3,0.3,2018,NFC,0
New Orleans Saints*,13,3,.813,504,353,151,9.4,0.6,10.1,7.9,2.2,2018,NFC,0
Atlanta Falcons,7,9,.438,414,423,-9,-0.6,0.4,-0.1,2.5,-2.6,2018,NFC,0
Carolina Panthers,7,9,.438,376,382,-6,-0.4,1.3,0.9,0.1,0.8,2018,NFC,0
Tampa Bay Buccaneers,5,11,.313,396,464,-68,-4.3,1.7,-2.6,2.0,-4.6,2018,NFC,0
Los Angeles Rams*,13,3,.813,527,384,143,8.9,-0.4,8.5,9.5,-1.1,2018,NFC,0
Seattle Seahawks+,10,6,.625,428,347,81,5.1,-0.6,4.5,3.0,1.5,2018,NFC,0
San Francisco 49ers,4,12,.250,342,435,-93,-5.8,0.3,-5.5,-2.5,-3.1,2018,NFC,0
Arizona Cardinals,3,13,.188,225,425,-200,-12.5,1.0,-11.5,-9.6,-1.9,2018,NFC,0
New England Patriots*,12,4,.750,420,225,195,12.2,-1.8,10.4,2.8,7.6,2019,AFC,0
Buffalo Bills+,10,6,.625,314,259,55,3.4,-1.3,2.2,-3.5,5.7,2019,AFC,0
New York Jets,7,9,.438,276,359,-83,-5.2,-1.1,-6.3,-5.7,-0.6,2019,AFC,0
Miami Dolphins,5,11,.313,306,494,-188,-11.8,0.2,-11.6,-2.4,-9.1,2019,AFC,0
Baltimore Ravens*,14,2,.875,531,282,249,15.6,0.1,15.6,11.0,4.7,2019,AFC,0
Pittsburgh Steelers,8,8,.500,289,303,-14,-0.9,1.2,0.3,-4.3,4.6,2019,AFC,0
Cleveland Browns,6,10,.375,335,393,-58,-3.6,1.7,-1.9,-0.4,-1.5,2019,AFC,0
Cincinnati Bengals,2,14,.125,279,420,-141,-8.8,1.5,-7.3,-4.4,-2.9,2019,AFC,0
Houston Texans*,10,6,.625,378,385,-7,-0.4,1.0,0.5,1.0,-0.5,2019,AFC,0
Tennessee Titans+,9,7,.563,402,331,71,4.4,-1.0,3.4,1.8,1.7,2019,AFC,0
Indianapolis Colts,7,9,.438,361,373,-12,-0.8,-1.1,-1.8,-1.0,-0.8,2019,AFC,0
Jacksonville Jaguars,6,10,.375,300,397,-97,-6.1,-0.6,-6.7,-4.6,-2.1,2019,AFC,0
Kansas City Chiefs*,12,4,.750,451,308,143,8.9,0.2,9.1,6.2,2.9,2019,AFC,0
Denver Broncos,7,9,.438,282,316,-34,-2.1,0.0,-2.1,-4.8,2.7,2019,AFC,0
Oakland Raiders,7,9,.438,313,419,-106,-6.6,-0.3,-6.9,-2.5,-4.4,2019,AFC,0
Los Angeles Chargers,5,11,.313,337,345,-8,-0.5,-0.8,-1.3,-1.6,0.3,2019,AFC,0
Philadelphia Eagles*,9,7,.563,385,354,31,1.9,-1.7,0.3,0.7,-0.4,2019,NFC,0
Dallas Cowboys,8,8,.500,434,321,113,7.1,-1.8,5.3,3.8,1.5,2019,NFC,0
New York Giants,4,12,.250,341,451,-110,-6.9,-1.0,-7.9,-1.8,-6.1,2019,NFC,0
Washington Redskins,3,13,.188,266,435,-169,-10.6,-0.2,-10.8,-6.3,-4.5,2019,NFC,0
Green Bay Packers*,13,3,.813,376,313,63,3.9,-0.7,3.2,0.6,2.6,2019,NFC,0
Minnesota Vikings+,10,6,.625,407,303,104,6.5,-1.1,5.4,2.5,2.9,2019,NFC,0
Chicago Bears,8,8,.500,280,298,-18,-1.1,0.2,-0.9,-5.4,4.5,2019,NFC,0
Detroit Lions,3,12,.219,341,423,-82,-5.1,-0.1,-5.2,-1.2,-4.0,2019,NFC,1
New Orleans Saints*,13,3,.813,458,341,117,7.3,0.0,7.4,5.0,2.3,2019,NFC,0
Atlanta Falcons,7,9,.438,381,399,-18,-1.1,1.1,-0.1,0.3,-0.4,2019,NFC,0
Tampa Bay Buccaneers,7,9,.438,458,449,9,0.6,-0.2,0.4,4.9,-4.5,2019,NFC,0
Carolina Panthers,5,11,.313,340,470,-130,-8.1,1.1,-7.0,-1.9,-5.1,2019,NFC,0
San Francisco 49ers*,13,3,.813,479,310,169,10.6,0.4,11.0,6.7,4.3,2019,NFC,0
Seattle Seahawks+,11,5,.688,405,398,7,0.4,2.3,2.7,2.9,-0.2,2019,NFC,0
Los Angeles Rams,9,7,.563,394,364,30,1.9,2.0,3.9,2.2,1.7,2019,NFC,0
Arizona Cardinals,5,10,.344,361,442,-81,-5.1,1.8,-3.2,-0.3,-2.9,2019,NFC,1
Buffalo Bills*,13,3,.813,501,375,126,7.9,-0.2,7.7,7.1,0.6,2020,AFC,0
Miami Dolphins,10,6,.625,404,338,66,4.1,-1.2,3.0,0.3,2.7,2020,AFC,0
New England Patriots,7,9,.438,326,353,-27,-1.7,0.7,-1.0,-4.2,3.2,2020,AFC,0
New York Jets,2,14,.125,243,457,-214,-13.4,1.9,-11.5,-8.7,-2.8,2020,AFC,0
Pittsburgh Steelers*,12,4,.750,416,312,104,6.5,-1.8,4.7,0.3,4.4,2020,AFC,0
Baltimore Ravens+,11,5,.688,468,303,165,10.3,-2.0,8.3,3.9,4.3,2020,AFC,0
Cleveland Browns+,11,5,.688,408,419,-11,-0.7,-1.9,-2.6,0.3,-2.8,2020,AFC,0
Cincinnati Bengals,4,11,.281,311,424,-113,-7.1,-0.4,-7.5,-5.4,-2.1,2020,AFC,1
Tennessee Titans*,11,5,.688,491,439,52,3.3,-1.7,1.6,4.7,-3.1,2020,AFC,0
Indianapolis Colts+,11,5,.688,451,362,89,5.6,-2.8,2.8,1.2,1.6,2020,AFC,0
Houston Texans,4,12,.250,384,464,-80,-5.0,-0.5,-5.5,-1.4,-4.1,2020,AFC,0
Jacksonville Jaguars,1,15,.063,306,492,-186,-11.6,-0.1,-11.7,-6.5,-5.3,2020,AFC,0
Kansas City Chiefs*,14,2,.875,473,362,111,6.9,-0.1,6.8,4.5,2.3,2020,AFC,0
Las Vegas Raiders,8,8,.500,434,478,-44,-2.8,0.8,-2.0,2.9,-4.9,2020,AFC,0
Los Angeles Chargers,7,9,.438,384,426,-42,-2.6,-0.3,-2.9,-1.0,-2.0,2020,AFC,0
Denver Broncos,5,11,.313,323,446,-123,-7.7,1.7,-6.0,-4.3,-1.7,2020,AFC,0
Washington Football Team*,7,9,.438,335,329,6,0.4,-1.2,-0.8,-4.1,3.2,2020,NFC,0
New York Giants,6,10,.375,280,357,-77,-4.8,0.4,-4.4,-6.7,2.3,2020,NFC,0
Dallas Cowboys,6,10,.375,395,473,-78,-4.9,-0.2,-5.1,1.0,-6.1,2020,NFC,0
Philadelphia Eagles,4,11,.281,334,418,-84,-5.3,0.8,-4.4,-2.8,-1.6,2020,NFC,1
Green Bay Packers*,13,3,.813,509,369,140,8.8,-1.1,7.7,5.9,1.8,2020,NFC,0
Chicago Bears+,8,8,.500,372,370,2,0.1,0.1,0.2,-2.2,2.4,2020,NFC,0
Minnesota Vikings,7,9,.438,430,475,-45,-2.8,0.4,-2.4,1.3,-3.8,2020,NFC,0
Detroit Lions,5,11,.313,377,519,-142,-8.9,1.2,-7.7,-1.0,-6.7,2020,NFC,0
New Orleans Saints*,12,4,.750,482,337,145,9.1,0.5,9.6,5.1,4.5,2020,NFC,0
Tampa Bay Buccaneers+,11,5,.688,492,355,137,8.6,0.8,9.4,6.5,2.8,2020,NFC,0
Carolina Panthers,5,11,.313,350,402,-52,-3.3,2.2,-1.1,-2.4,1.3,2020,NFC,0
Atlanta Falcons,4,12,.250,396,414,-18,-1.1,1.9,0.7,-0.1,0.8,2020,NFC,0
Seattle Seahawks*,12,4,.750,459,371,88,5.5,0.0,5.5,4.8,0.7,2020,NFC,0
Los Angeles Rams+,10,6,.625,372,296,76,4.8,0.7,5.4,-0.8,6.2,2020,NFC,0
Arizona Cardinals,8,8,.500,410,367,43,2.7,-0.1,2.6,1.5,1.0,2020,NFC,0
San Francisco 49ers,6,10,.375,376,390,-14,-0.9,1.7,0.8,0.2,0.7,2020,NFC,0
Buffalo Bills*,11,6,.647,483,289,194,11.4,-1.6,9.8,5.0,4.8,2021,AFC,0
New England Patriots+,10,7,.588,462,303,159,9.4,-0.9,8.5,3.6,4.8,2021,AFC,0
Miami Dolphins,9,8,.529,341,373,-32,-1.9,-0.8,-2.7,-3.1,0.3,2021,AFC,0
New York Jets,4,13,.235,310,504,-194,-11.4,1.0,-10.4,-3.6,-6.7,2021,AFC,0
Cincinnati Bengals*,10,7,.588,460,376,84,4.9,-1.9,3.1,3.4,-0.3,2021,AFC,0
Pittsburgh Steelers+,9,7,.559,343,398,-55,-3.2,0.8,-2.5,-2.6,0.1,2021,AFC,1
Cleveland Browns,8,9,.471,349,371,-22,-1.3,0.0,-1.3,-2.7,1.3,2021,AFC,0
Baltimore Ravens,8,9,.471,387,392,-5,-0.3,0.0,-0.3,-0.3,0.0,2021,AFC,0
Tennessee Titans*,12,5,.706,419,354,65,3.8,-0.4,3.4,1.8,1.6,2021,AFC,0
Indianapolis Colts,9,8,.529,451,365,86,5.1,-0.6,4.4,3.3,1.1,2021,AFC,0
Houston Texans,4,13,.235,280,452,-172,-10.1,0.4,-9.7,-6.3,-3.4,2021,AFC,0
Jacksonville Jaguars,3,14,.176,253,457,-204,-12.0,0.6,-11.4,-7.7,-3.7,2021,AFC,0
Kansas City Chiefs*,12,5,.706,480,364,116,6.8,0.6,7.4,5.4,2.0,2021,AFC,0
Las Vegas Raiders+,10,7,.588,374,439,-65,-3.8,0.6,-3.3,-0.7,-2.6,2021,AFC,0
Los Angeles Chargers,9,8,.529,474,459,15,0.9,0.2,1.1,5.3,-4.2,2021,AFC,0
Denver Broncos,7,10,.412,335,322,13,0.8,-1.3,-0.5,-4.7,4.2,2021,AFC,0
Dallas Cowboys*,12,5,.706,530,358,172,10.1,-0.2,9.9,8.2,1.7,2021,NFC,0
Philadelphia Eagles+,9,8,.529,444,385,59,3.5,-1.0,2.5,2.6,-0.1,2021,NFC,0
Washington Football Team,7,10,.412,335,434,-99,-5.8,1.6,-4.2,-2.7,-1.5,2021,NFC,0
New York Giants,4,13,.235,258,416,-158,-9.3,1.0,-8.3,-7.7,-0.6,2021,NFC,0
Green Bay Packers*,13,4,.765,450,371,79,4.6,-0.2,4.4,3.5,1.0,2021,NFC,0
Minnesota Vikings,8,9,.471,425,426,-1,-0.1,0.3,0.3,1.9,-1.6,2021,NFC,0
Chicago Bears,6,11,.353,311,407,-96,-5.6,0.5,-5.2,-4.9,-0.3,2021,NFC,0
Detroit Lions,3,13,.206,325,467,-142,-8.4,0.6,-7.8,-3.5,-4.3,2021,NFC,1
Tampa Bay Buccaneers*,13,4,.765,511,353,158,9.3,-0.7,8.6,7.3,1.3,2021,NFC,0
New Orleans Saints,9,8,.529,364,335,29,1.7,0.3,2.0,-1.5,3.6,2021,NFC,0
Atlanta Falcons,7,10,.412,313,459,-146,-8.6,0.1,-8.5,-4.2,-4.3,2021,NFC,0
Carolina Panthers,5,12,.294,304,404,-100,-5.9,0.4,-5.5,-5.0,-0.5,2021,NFC,0
Los Angeles Rams*,12,5,.706,460,372,88,5.2,0.1,5.3,4.2,1.1,2021,NFC,0
Arizona Cardinals+,11,6,.647,449,366,83,4.9,0.3,5.2,3.6,1.6,2021,NFC,0
San Francisco 49ers+,10,7,.588,427,365,62,3.6,0.1,3.8,1.8,1.9,2021,NFC,0
Seattle Seahawks,7,10,.412,395,366,29,1.7,0.2,1.9,0.4,1.5,2021,NFC,0
Buffalo Bills*,13,3,.813,455,286,169,10.6,0.4,10.9,7.1,3.8,2022,AFC,0
Miami Dolphins+,9,8,.529,397,399,-2,-0.1,2.0,1.8,2.7,-0.9,2022,AFC,0
New England Patriots,8,9,.471,364,347,17,1.0,1.0,2.0,-0.3,2.3,2022,AFC,0
New York Jets,7,10,.412,296,316,-20,-1.2,2.0,0.8,-4.0,4.8,2022,AFC,0
Cincinnati Bengals*,12,4,.750,418,322,96,6.0,0.9,6.9,5.5,1.4,2022,AFC,0
Baltimore Ravens+,10,7,.588,350,315,35,2.1,1.1,3.1,-0.2,3.4,2022,AFC,0
Pittsburgh Steelers,9,8,.529,308,346,-38,-2.2,1.5,-0.8,-3.0,2.3,2022,AFC,0
Cleveland Browns,7,10,.412,361,381,-20,-1.2,1.1,-0.1,0.7,-0.9,2022,AFC,0
Jacksonville Jaguars*,9,8,.529,404,350,54,3.2,-1.4,1.8,1.6,0.2,2022,AFC,0
Tennessee Titans,7,10,.412,298,359,-61,-3.6,0.0,-3.6,-4.7,1.1,2022,AFC,0
Indianapolis Colts,4,12,.265,289,427,-138,-8.1,-0.5,-8.6,-4.9,-3.7,2022,AFC,1
Houston Texans,3,13,.206,289,420,-131,-7.7,-0.8,-8.5,-5.4,-3.1,2022,AFC,1
Kansas City Chiefs*,14,3,.824,496,369,127,7.5,-1.2,6.2,6.8,-0.6,2022,AFC,0
Los Angeles Chargers+,10,7,.588,391,384,7,0.4,-1.3,-0.9,0.1,-1.0,2022,AFC,0
Las Vegas Raiders,6,11,.353,395,418,-23,-1.4,-1.1,-2.5,1.2,-3.7,2022,AFC,0
Denver Broncos,5,12,.294,287,359,-72,-4.2,-0.7,-5.0,-5.6,0.6,2022,AFC,0
Philadelphia Eagles*,14,3,.824,477,344,133,7.8,-1.3,6.5,5.8,0.7,2022,NFC,0
Dallas Cowboys+,12,5,.706,467,342,125,7.4,-0.8,6.5,5.3,1.3,2022,NFC,0
New York Giants+,9,7,.559,365,371,-6,-0.4,0.0,-0.4,-0.8,0.4,2022,NFC,1
Washington Commanders,8,8,.500,321,343,-22,-1.3,0.4,-0.9,-3.5,2.6,2022,NFC,1
Minnesota Vikings*,13,4,.765,424,427,-3,-0.2,0.1,-0.1,2.8,-2.9,2022,NFC,0
Detroit Lions,9,8,.529,453,427,26,1.5,0.7,2.2,4.7,-2.4,2022,NFC,0
Green Bay Packers,8,9,.471,370,371,-1,-0.1,0.4,0.3,-0.3,0.6,2022,NFC,0
Chicago Bears,3,14,.176,326,463,-137,-8.1,1.6,-6.4,-2.5,-4.0,2022,NFC,0
Tampa Bay Buccaneers*,8,9,.471,313,358,-45,-2.6,0.4,-2.3,-3.3,1.1,2022,NFC,0
Carolina Panthers,7,10,.412,347,374,-27,-1.6,-0.6,-2.2,-1.3,-0.9,2022,NFC,0
New Orleans Saints,7,10,.412,330,345,-15,-0.9,-0.3,-1.2,-2.8,1.7,2022,NFC,0
Atlanta Falcons,7,10,.412,365,386,-21,-1.2,-0.9,-2.1,-0.1,-2.0,2022,NFC,0
San Francisco 49ers*,13,4,.765,450,277,173,10.2,-2.3,7.9,3.3,4.6,2022,NFC,0
Seattle Seahawks+,9,8,.529,407,401,6,0.4,-0.8,-0.5,1.9,-2.4,2022,NFC,0
Los Angeles Rams,5,12,.294,307,384,-77,-4.5,0.5,-4.0,-4.1,0.0,2022,NFC,0
Arizona Cardinals,4,13,.235,340,449,-109,-6.4,0.2,-6.2,-1.9,-4.3,2022,NFC,0
Buffalo Bills*,11,6,.647,451,311,140,8.2,-1.8,6.5,4.1,2.3,2023,AFC,
Miami Dolphins+,11,6,.647,496,391,105,6.2,-1.8,4.4,7.6,-3.1,2023,AFC,
New York Jets,7,10,.412,268,355,-87,-5.1,-0.6,-5.8,-6.7,0.9,2023,AFC,
New England Patriots,4,13,.235,236,366,-130,-7.6,-0.2,-7.9,-8.5,0.6,2023,AFC,
Baltimore Ravens*,13,4,.765,483,280,203,11.9,1.2,13.2,6.7,6.5,2023,AFC,
Cleveland Browns+,11,6,.647,396,362,34,2.0,1.3,3.3,2.4,0.9,2023,AFC,
Pittsburgh Steelers+,10,7,.588,304,324,-20,-1.2,1.9,0.7,-3.0,3.7,2023,AFC,
Cincinnati Bengals,9,8,.529,366,384,-18,-1.1,2.8,1.7,1.3,0.4,2023,AFC,
Houston Texans*,10,7,.588,377,353,24,1.4,-1.0,0.4,0.3,0.1,2023,AFC,
Jacksonville Jaguars,9,8,.529,377,371,6,0.4,1.1,1.4,1.3,0.1,2023,AFC,
Indianapolis Colts,9,8,.529,396,415,-19,-1.1,-0.2,-1.3,2.4,-3.8,2023,AFC,
Tennessee Titans,6,11,.353,305,367,-62,-3.6,0.4,-3.2,-4.0,0.7,2023,AFC,
Kansas City Chiefs*,11,6,.647,371,294,77,4.5,-0.8,3.7,-0.6,4.4,2023,AFC,
Las Vegas Raiders,8,9,.471,332,331,1,0.1,-0.9,-0.9,-2.4,1.6,2023,AFC,
Denver Broncos,8,9,.471,357,413,-56,-3.3,-0.5,-3.8,-0.8,-3.0,2023,AFC,
Los Angeles Chargers,5,12,.294,346,398,-52,-3.1,0.9,-2.2,-0.6,-1.6,2023,AFC,
Dallas Cowboys*,12,5,.706,509,315,194,11.4,-2.2,9.2,6.5,2.7,2023,NFC,
Philadelphia Eagles+,11,6,.647,433,428,5,0.3,-0.4,-0.1,3.6,-3.7,2023,NFC,
New York Giants,6,11,.353,266,407,-141,-8.3,0.4,-7.9,-6.9,-1.0,2023,NFC,
Washington Commanders,4,13,.235,329,518,-189,-11.1,0.0,-11.1,-2.8,-8.4,2023,NFC,
Detroit Lions*,12,5,.706,461,395,66,3.9,0.4,4.3,6.0,-1.8,2023,NFC,
Green Bay Packers+,9,8,.529,383,350,33,1.9,-0.8,1.2,0.9,0.2,2023,NFC,
Minnesota Vikings,7,10,.412,344,362,-18,-1.1,0.5,-0.6,-1.6,1.0,2023,NFC,
Chicago Bears,7,10,.412,360,379,-19,-1.1,-0.9,-2.0,-1.2,-0.9,2023,NFC,
Tampa Bay Buccaneers*,9,8,.529,348,325,23,1.4,-0.3,1.1,-1.6,2.7,2023,NFC,
New Orleans Saints,9,8,.529,402,327,75,4.4,-2.2,2.2,1.7,0.5,2023,NFC,
Atlanta Falcons,7,10,.412,321,373,-52,-3.1,-1.9,-5.0,-3.6,-1.4,2023,NFC,
Carolina Panthers,2,15,.118,236,416,-180,-10.6,0.7,-9.9,-7.9,-2.0,2023,NFC,
San Francisco 49ers*,12,5,.706,491,298,193,11.4,0.4,11.8,7.1,4.7,2023,NFC,
Los Angeles Rams+,10,7,.588,404,377,27,1.6,1.4,3.0,2.0,1.0,2023,NFC,
Seattle Seahawks,9,8,.529,364,402,-38,-2.2,1.3,-1.0,-0.2,-0.8,2023,NFC,
Arizona Cardinals,4,13,.235,330,455,-125,-7.4,1.9,-5.4,-1.8,-3.7,2023,NFC,
Buffalo Bills*,13,4,.765,525,368,157,9.2,-1.1,8.1,7.8,0.3,2024,AFC,
Miami Dolphins,8,9,.471,345,364,-19,-1.1,-1.9,-3.0,-3.5,0.4,2024,AFC,
New York Jets,5,12,.294,338,404,-66,-3.9,-0.5,-4.3,-3.0,-1.4,2024,AFC,
New England Patriots,4,13,.235,289,417,-128,-7.5,-0.6,-8.1,-6.2,-1.9,2024,AFC,
Baltimore Ravens*,12,5,.706,518,361,157,9.2,0.6,9.9,8.0,1.9,2024,AFC,
Pittsburgh Steelers+,10,7,.588,380,347,33,1.9,0.1,2.1,-0.7,2.8,2024,AFC,
Cincinnati Bengals,9,8,.529,472,434,38,2.2,-0.8,1.4,5.0,-3.6,2024,AFC,
Cleveland Browns,3,14,.176,258,435,-177,-10.4,1.2,-9.2,-7.1,-2.1,2024,AFC,
Houston Texans*,10,7,.588,372,372,0,0.0,-0.7,-0.7,-1.5,0.8,2024,AFC,
Indianapolis Colts,8,9,.471,377,427,-50,-2.9,-0.7,-3.7,-0.5,-3.2,2024,AFC,
Jacksonville Jaguars,4,13,.235,320,435,-115,-6.8,-0.8,-7.5,-4.2,-3.4,2024,AFC,
Tennessee Titans,3,14,.176,311,460,-149,-8.8,0.4,-8.4,-4.7,-3.7,2024,AFC,
Kansas City Chiefs*,15,2,.882,385,326,59,3.5,0.7,4.2,-0.2,4.4,2024,AFC,
Los Angeles Chargers+,11,6,.647,402,301,101,5.9,-0.6,5.3,0.6,4.7,2024,AFC,
Denver Broncos+,10,7,.588,425,311,114,6.7,-0.3,6.4,2.1,4.3,2024,AFC,
Las Vegas Raiders,4,13,.235,309,434,-125,-7.4,1.0,-6.4,-3.9,-2.5,2024,AFC,
Philadelphia Eagles*,14,3,.824,463,303,160,9.4,-1.7,7.7,3.0,4.7,2024,NFC,
Washington Commanders+,12,5,.706,485,391,94,5.5,-1.8,3.7,4.9,-1.2,2024,NFC,
Dallas Cowboys,7,10,.412,350,468,-118,-6.9,0.6,-6.3,-2.6,-3.7,2024,NFC,
New York Giants,3,14,.176,273,415,-142,-8.4,0.3,-8.0,-7.5,-0.5,2024,NFC,
Detroit Lions*,15,2,.882,564,342,222,13.1,0.7,13.8,10.6,3.2,2024,NFC,
Minnesota Vikings+,14,3,.824,432,332,100,5.9,0.3,6.2,2.8,3.4,2024,NFC,
Green Bay Packers+,11,6,.647,460,338,122,7.2,0.9,8.1,4.9,3.2,2024,NFC,
Chicago Bears,5,12,.294,310,370,-60,-3.5,1.2,-2.3,-4.8,2.4,2024,NFC,
Tampa Bay Buccaneers*,10,7,.588,502,385,117,6.9,-0.4,6.4,6.0,0.4,2024,NFC,
Atlanta Falcons,8,9,.471,389,423,-34,-2.0,-0.2,-2.2,0.0,-2.2,2024,NFC,
Carolina Panthers,5,12,.294,341,534,-193,-11.4,0.4,-11.0,-2.6,-8.4,2024,NFC,
New Orleans Saints,5,12,.294,338,398,-60,-3.5,-0.6,-4.1,-3.6,-0.5,2024,NFC,
Los Angeles Rams*,10,7,.588,367,386,-19,-1.1,1.1,-0.1,-0.6,0.6,2024,NFC,
Seattle Seahawks,10,7,.588,375,368,7,0.4,0.8,1.3,-0.3,1.5,2024,NFC,
Arizona Cardinals,8,9,.471,400,379,21,1.2,0.9,2.1,0.8,1.2,2024,NFC,
San Francisco 49ers,6,11,.353,389,436,-47,-2.8,1.6,-1.2,0.9,-2.1,2024,NFC,
